,title,location,type_of_job,deadline
0,Customer Support Specialist-New York,"New York City, NY",Full-Time • Job,"May 2, 2021 5:30 AM"
1,Customer Support Specialist-New York,"New York City, NY",Full-Time • Job,"May 2, 2021 5:30 AM"
2,Digital Technology Leadership Program (DTLP) - China,worldwide,Full-Time • Job,"February 23, 2021 10:25 AM"
3,Operations Management Leadership Program 生产运营管理领导力项目,worldwide,Full-Time • Job,"February 23, 2021 10:25 AM"
4,Associate Consultant,"Bellevue, WA",Full-Time • Job,"August 2, 2021 12:30 AM"
5,Program Manager - Talent Management,"Bellevue, WA",Full-Time • Job,"March 1, 2021 7:30 PM"
6,Retail Store Manager,"Marshalltown, IA",Full-Time • Job,"March 6, 2021 7:00 AM"
7,Associate Consultant,"McLean, VA",Full-Time • Job,"April 3, 2021 12:25 AM"
8,Sales Development Representative-Seattle,"Seattle, WA",Full-Time • Job,"July 1, 2021 5:30 AM"
9,Research Associate-Primary,"Seattle, WA",Full-Time • Job,"March 2, 2021 6:30 AM"
10,Client Service Associate (Seoul 2021 Intake),"Seoul, South Korea",Full-Time • Job,"September 30, 2021 2:25 PM"
11,Quality and Regulatory Affairs Leadership Program - QRLP - China,worldwide,Full-Time • Job,"February 23, 2021 10:25 AM"
12,Commercial Leadership Program-CLP - CHINA,worldwide,Full-Time • Job,"February 23, 2021 10:25 AM"
13,Pharmaceutical Diagnostics Leadership Program (PDLP) - CHINA,worldwide,Full-Time • Job,"February 23, 2021 10:25 AM"
14,GE Healthcare Service Super Expert Program (SSEP) - CHINA,worldwide,Full-Time • Job,"February 23, 2021 10:25 AM"
15,Associate Program - Mandarin Fluency (Summer 2021),"New York City, NY",Full-Time • Job,"February 15, 2021 1:25 PM"
16,Japanese Speaking Associate - Asia Transfer Program (2021 Graduates),"New York City, NY and 1 more",Full-Time • Job,"March 1, 2021 1:25 PM"
17,Graduate Associate Programme London (April 2021) - German Speaker,"London, United Kingdom",Full-Time • Job,"March 31, 2021 9:30 PM"
18,Graduate Associate Programme London (July 2021) - German Speaker,"London, United Kingdom",Full-Time • Job,"May 31, 2021 8:30 PM"
19,Graduate Associate Programme (September 2021) - German Speaker,"London, United Kingdom",Full-Time • Job,"July 31, 2021 8:30 PM"
20,Associate Program - Spanish Fluency (2021 Graduates),"New York City, NY",Full-Time • Job,"March 1, 2021 10:25 AM"
21,Client Protection Associate - 2021 Graduates (Legal & Compliance),"San Francisco, CA and 1 more",Full-Time • Job,"March 1, 2021 10:25 AM"
22,Retail Store Manager,"Garden City, KS",Full-Time • Job,"April 30, 2021 9:30 PM"
23,"Retail Store Manager- El Dorado, KS","El Dorado, KS",Full-Time • Job,"April 30, 2021 9:30 PM"
24,"Retail Store Manager-Mason City, IA","Mason City, IA",Full-Time • Job,"April 30, 2021 9:30 PM"
25,Human Resources Coordinator,"New York City, NY",Full-Time • Job,"March 1, 2021 10:25 AM"
26,Human Resources Coordinator,"New York City, NY",Full-Time • Job,"March 1, 2021 10:25 AM"
27,Associate Program - Mandarin Fluency (Summer 2021),"New York City, NY",Full-Time • Job,"March 1, 2021 10:25 AM"
28,Japanese Speaking Associate (2021) - Shanghai,"Shanghai, People's Republic of China",Full-Time • Job,"December 31, 2021 7:30 AM"
29,Associate Program (2021) - Shanghai,"Shanghai, People's Republic of China",Full-Time • Job,"December 31, 2021 7:30 AM"
30,Experienced Associate Program - San Francisco,"San Francisco, CA",Full-Time • Job,"February 27, 2021 4:00 AM"
31,Associate Systems Engineer - SE Academy,"Plano, TX",Full-Time • Job,"April 17, 2021 12:25 PM"
32,Edison Engineering Development Program-EEDP - CHINA,"Wuxi, People's Republic of China and 1 more",Full-Time • Job,"February 23, 2021 10:25 AM"
33,Bahasa Indonesia/English Bilingual Speaking Client Service Associate Program (2021 Intake),Hong Kong,Full-Time • Job,"August 30, 2021 9:30 PM"
34,Cloud Software Engineer,"Santa Clara, CA",Full-Time • Job,"March 27, 2021 5:30 AM"
35,Client Protection Associate (Legal & Compliance),"New York City, NY",Full-Time • Job,"February 27, 2021 3:30 AM"
36,Experienced Associate Program - New York,"New York City, NY",Full-Time • Job,"February 27, 2021 4:00 AM"
37,Associate Systems Engineer,"Plano, TX",Full-Time • Job,"April 2, 2021 2:30 AM"
38,"Client Service Associate Program (Mandarin/English Bilingual Speaking, Hong Kong)",Hong Kong,Full-Time • Job,"November 29, 2021 9:30 PM"
39,"Client Service Associate Program (Thai/English Bilingual, Hong Kong)",Hong Kong,Full-Time • Job,"September 30, 2021 9:30 AM"
40,"Client Service Associate Program (Bahasa Indonesia/English Bilingual, Hong Kong)",Hong Kong,Full-Time • Job,"October 31, 2021 12:30 PM"
41,Campus/Lateral Recruitment Coordinator Program (Summer 2021),"New York City, NY and 1 more",Full-Time • Job,"February 15, 2021 1:25 PM"
42,Account Executive,"Philadelphia, PA and 9 more",Full-Time • Job,"April 2, 2021 8:30 PM"
43,Associate Program - Korean Fluency (January & Summer 2021),"New York City, NY",Full-Time • Job,"February 15, 2021 10:25 AM"
44,Associate Program (April 2021)- San Francisco,"San Francisco, CA",Full-Time • Job,"February 15, 2021 10:25 AM"
45,Associate Program (April 2021)- San Francisco,"San Francisco, CA",Full-Time • Job,"March 1, 2021 10:25 AM"
46,Associate Program - Korean Fluency (January & Summer 2021),"New York City, NY",Full-Time • Job,"March 1, 2021 10:29 AM"
47,Associate Program (April 2021)- New York,"New York City, NY",Full-Time • Job,"March 1, 2021 1:25 PM"
48,Behavior Technician (ABA Therapy-Autism),"Federal Way, WA and 6 more",Part-Time • Job,"January 1, 2022 6:30 AM"
49,Sales Development Representative,"San Jose, CA",Full-Time • Job,"April 1, 2025 3:30 AM"
